Model,MSE,RMSE,MAE,R2
Linear Regression,0.121261025441636,0.3482255381812712,0.23959749948262016,0.05985608306991608
