Model,Training Accuracy,Testing Accuracy
Linear Regression,0.8530973451327434,0.8502358490566038
Logistic Regression,0.8572271386430679,0.8490566037735849
KNN,1.0,0.847877358490566
